ID_Sensor,Presion_Bar,Temperatura_C,Flujo_Vapor_TnH,Potencia_MW,Estado_Turbina
SEN-001,12.49,165.44,29.05,42.34,Mantenimiento
SEN-002,24.01,300.26,52.45,143.43,Normal
SEN-003,19.64,237.65,43.63,92.81,Normal
SEN-004,16.97,215.86,34.88,71.01,Normal
SEN-005,8.12,103.1,15.57,16.2,Normal
SEN-006,8.12,96.7,16.86,12.79,Normal
SEN-007,6.16,77.58,13.02,7.66,Normal
SEN-008,22.32,275.96,48.52,124.12,Normal
SEN-009,17.02,213.69,33.21,73.69,Normal
SEN-010,19.16,244.82,42.53,94.33,Normal
SEN-011,5.41,80.33,11.13,7.53,Normal
SEN-012,24.4,295.07,50.6,143.93,Normal
SEN-013,21.65,287.67,43.94,185.5,Alerta
SEN-014,9.25,99.97,16.94,17.1,Normal
SEN-015,8.64,106.74,19.37,20.24,Normal
SEN-016,8.67,113.06,18.31,20.65,Mantenimiento
SEN-017,11.08,140.81,21.34,30.95,Normal
SEN-018,15.5,188.71,30.6,58.51,Normal
SEN-019,13.64,168.82,28.14,46.3,Mantenimiento
SEN-020,10.82,131.36,25.24,25.99,Normal
SEN-021,17.24,210.75,35.81,72.36,Normal
SEN-022,7.79,104.17,14.1,15.41,Normal
SEN-023,10.84,138.39,22.4,28.81,Normal
SEN-024,12.33,148.55,25.48,36.29,Normal
SEN-025,14.12,183.71,25.61,54.04,Normal
SEN-026,20.7,261.25,,108.95,Normal
SEN-027,8.99,118.92,18.54,20.7,Normal
SEN-028,15.28,196.1,33.14,60.63,Mantenimiento
SEN-029,16.85,203.97,38.15,70.41,Alerta
SEN-030,5.93,69.63,14.14,9.37,Normal
SEN-031,17.15,220.36,35.61,75.66,Normal
SEN-032,8.41,110.01,16.0,17.73,Normal
SEN-033,6.3,78.6,17.09,10.74,Normal
SEN-034,23.98,300.66,50.44,144.65,Normal
SEN-035,24.31,314.13,51.08,153.82,Normal
SEN-036,21.17,259.87,44.42,110.78,Alerta
SEN-037,11.09,143.03,23.59,32.99,Normal
SEN-038,6.95,85.3,14.39,11.22,Normal
SEN-039,18.68,231.82,38.38,88.21,Normal
SEN-040,13.8,181.33,28.17,50.29,Normal
SEN-041,7.44,99.61,15.58,17.31,Alerta
SEN-042,14.9,192.8,30.48,56.64,Alerta
SEN-043,5.69,81.54,10.88,11.36,Alerta
SEN-044,23.19,290.0,48.85,134.72,Normal
SEN-045,10.18,132.65,20.99,26.21,Normal
SEN-046,18.25,-50.0,40.58,81.78,Normal
SEN-047,11.23,143.02,19.62,31.75,Normal
SEN-048,15.4,191.48,33.98,59.49,Normal
SEN-049,15.93,199.95,35.33,64.35,Alerta
SEN-050,8.7,113.47,15.15,19.05,Normal
SEN-051,24.39,298.35,50.71,145.52,Normal
SEN-052,20.5,273.02,42.5,114.52,Normal
SEN-053,23.79,289.33,47.85,139.73,Normal
SEN-054,22.9,276.49,46.92,127.14,Normal
SEN-055,16.96,221.24,33.95,75.08,Mantenimiento
SEN-056,23.44,299.3,51.85,140.44,Alerta
SEN-057,6.77,89.62,15.62,12.87,Mantenimiento
SEN-058,8.92,116.52,20.64,19.56,Normal
SEN-059,5.9,73.71,13.48,8.4,Normal
SEN-060,11.51,136.65,22.47,29.45,Normal
SEN-061,12.77,160.28,26.04,41.42,Normal
SEN-062,10.43,124.92,22.63,26.83,Alerta
SEN-063,21.57,277.49,43.47,119.15,Normal
SEN-064,12.14,150.51,26.55,38.42,Normal
SEN-065,10.62,126.13,21.94,25.32,Normal
SEN-066,15.85,195.6,32.73,60.26,Normal
SEN-067,7.82,101.03,17.49,16.07,Alerta
SEN-068,21.04,258.54,44.86,110.07,Normal
SEN-069,6.49,74.56,13.09,11.7,Normal
SEN-070,24.74,311.17,53.69,153.4,Normal
SEN-071,20.44,257.52,41.31,106.59,Normal
SEN-072,8.97,108.12,19.77,19.36,Alerta
SEN-073,5.11,60.11,11.62,5.94,Alerta
SEN-074,21.31,268.22,44.29,115.37,Mantenimiento
SEN-075,19.14,227.63,40.68,87.91,Alerta
SEN-076,19.58,233.49,39.24,89.54,Normal
SEN-077,20.43,249.57,44.28,103.72,Normal
SEN-078,6.48,79.3,13.33,11.94,Normal
SEN-079,12.17,154.6,24.77,36.88,Normal
SEN-080,7.32,103.27,16.94,15.59,Alerta
SEN-081,22.26,285.14,45.69,127.55,Normal
SEN-082,17.47,217.05,34.57,76.13,Mantenimiento
SEN-083,11.62,145.07,22.06,33.05,Normal
SEN-084,6.27,70.37,14.08,8.02,Normal
SEN-085,11.22,140.1,21.64,31.41,Normal
SEN-086,11.5,141.49,26.79,33.96,Alerta
SEN-087,19.59,247.48,38.02,97.63,Normal
SEN-088,17.75,215.27,39.82,75.98,Normal
SEN-089,120.0,288.46,48.08,132.14,Normal
SEN-090,14.44,192.82,30.19,52.28,Normal
SEN-091,7.39,91.53,14.71,14.91,Normal
SEN-092,19.26,244.02,41.05,91.93,Alerta
SEN-093,20.22,258.22,42.4,103.97,Normal
SEN-094,16.23,199.61,35.73,63.43,Normal
SEN-095,20.42,257.03,43.05,103.42,Normal
SEN-096,14.88,186.05,31.46,56.75,Normal
SEN-097,15.45,193.96,31.91,59.39,Alerta
SEN-098,13.55,163.2,28.37,44.65,Normal
SEN-099,5.51,69.05,12.03,7.55,Normal
SEN-100,7.16,93.46,12.47,13.95,Normal
SEN-101,5.63,81.97,9.8,9.32,Mantenimiento
SEN-102,17.73,229.28,38.34,79.75,Alerta
SEN-103,11.29,,23.96,36.93,Normal
SEN-104,15.17,183.5,31.58,55.09,Normal
SEN-105,23.15,296.37,48.65,135.36,Normal
SEN-106,9.99,126.29,21.49,24.71,Alerta
SEN-107,13.21,182.61,26.93,50.04,Normal
SEN-108,20.11,244.92,41.07,99.53,Normal
SEN-109,9.58,112.98,20.4,21.22,Normal
SEN-110,6.54,76.95,12.27,9.65,Normal
SEN-111,10.8,117.95,23.28,25.08,Normal
SEN-112,8.22,98.6,14.72,18.71,Alerta
SEN-113,23.59,288.85,51.09,136.76,Normal
SEN-114,21.16,265.73,45.15,112.99,Normal
SEN-115,17.67,223.58,37.49,80.24,Normal
SEN-116,22.43,295.37,48.58,132.79,Mantenimiento
SEN-117,21.07,271.02,46.75,113.92,Normal
SEN-118,8.73,104.53,19.86,18.02,Alerta
SEN-119,22.85,278.45,45.23,127.17,Normal
SEN-120,15.79,201.27,31.23,63.5,Normal
SEN-121,21.15,253.8,43.48,108.22,Normal
SEN-122,22.92,301.17,48.17,138.13,Normal
SEN-123,11.36,151.44,24.63,35.29,Normal
SEN-124,7.2,86.26,14.03,12.33,Alerta
SEN-125,9.56,105.78,20.35,20.32,Normal
SEN-126,13.54,180.11,27.31,46.38,Normal
SEN-127,21.36,266.09,43.94,114.77,Normal
SEN-128,22.21,287.59,44.54,128.19,Mantenimiento
SEN-129,5.14,51.48,9.41,6.49,Alerta
SEN-130,15.21,185.39,29.92,52.94,Normal
SEN-131,13.35,166.89,26.57,47.06,Mantenimiento
SEN-132,9.44,118.4,21.41,22.19,Normal
SEN-133,7.4,88.87,14.11,14.48,Normal
SEN-134,11.75,151.89,28.63,34.45,Alerta
SEN-135,23.86,289.69,50.84,138.96,Alerta
SEN-136,11.46,142.16,24.35,31.33,Normal
SEN-137,15.38,193.16,31.0,58.65,Normal
SEN-138,19.06,242.37,41.08,94.69,Normal
SEN-139,12.27,159.1,24.91,38.82,Mantenimiento
SEN-140,24.44,296.45,51.5,145.14,Normal
SEN-141,24.25,290.84,54.76,142.09,Normal
SEN-142,10.04,135.67,20.93,27.82,Normal
SEN-143,14.94,189.47,33.11,56.81,Normal
SEN-144,11.02,131.73,22.08,29.47,Normal
SEN-145,10.7,146.12,22.41,34.14,Mantenimiento
SEN-146,5.74,72.65,14.71,8.27,Normal
SEN-147,17.19,224.33,35.16,77.37,Normal
SEN-148,15.05,188.71,34.33,58.08,Normal
SEN-149,6.03,91.86,13.72,12.4,Alerta
SEN-150,10.57,146.2,21.36,32.34,Normal
SEN-151,23.17,287.57,49.6,134.0,Normal
SEN-152,9.79,130.16,22.02,24.12,Alerta
SEN-153,7.9,103.89,17.52,18.37,Alerta
SEN-154,14.79,195.81,28.7,56.54,Alerta
SEN-155,24.71,301.19,50.81,149.23,Mantenimiento
SEN-156,9.84,128.5,20.3,24.39,Normal
SEN-157,18.44,239.0,38.62,88.08,Alerta
SEN-158,20.23,238.83,43.42,97.04,Normal
SEN-159,9.75,112.44,20.75,22.32,Alerta
SEN-160,19.56,228.24,39.08,89.81,Alerta
SEN-161,12.36,152.29,26.52,39.57,Alerta
SEN-162,17.65,226.32,37.97,80.42,Normal
SEN-163,17.67,232.9,37.95,82.02,Normal
SEN-164,15.72,197.04,34.62,63.09,Normal
SEN-165,6.81,98.1,15.54,14.78,Mantenimiento
SEN-166,21.71,260.28,46.27,111.52,Mantenimiento
SEN-167,11.42,129.07,23.87,30.18,Normal
SEN-168,8.73,108.69,15.84,19.82,Normal
SEN-169,5.82,75.77,12.86,8.46,Normal
SEN-170,16.82,209.96,35.63,72.27,Alerta
SEN-171,18.55,215.35,39.37,79.72,Alerta
SEN-172,5.33,65.93,9.28,7.18,Normal
SEN-173,15.24,180.09,30.39,54.69,Normal
SEN-174,9.53,124.48,21.59,23.74,Alerta
SEN-175,17.9,226.73,37.54,79.87,Alerta
SEN-176,8.49,98.57,18.85,15.0,Normal
SEN-177,18.82,231.12,39.56,88.9,Normal
SEN-178,12.73,150.71,26.79,37.37,Normal
SEN-179,23.73,296.18,51.25,139.41,Normal
SEN-180,7.75,104.52,15.5,13.62,Normal
SEN-181,11.82,139.88,24.97,32.3,Normal
SEN-182,7.27,94.9,14.57,12.21,Alerta
SEN-183,23.49,289.43,48.69,137.97,Normal
SEN-184,22.55,275.49,46.88,125.44,Alerta
SEN-185,10.16,126.13,21.67,24.8,Normal
SEN-186,18.2,219.21,37.5,82.5,Normal
SEN-187,21.34,262.38,46.71,113.18,Normal
SEN-188,16.1,191.72,32.48,61.36,Normal
SEN-189,15.59,210.63,32.47,62.69,Alerta
SEN-190,9.84,123.25,20.0,27.0,Mantenimiento
SEN-191,6.86,80.18,16.58,9.34,Normal
SEN-192,22.94,288.52,48.48,130.42,Normal
SEN-193,23.01,286.71,49.87,133.16,Alerta
SEN-194,17.66,219.01,34.86,80.29,Normal
SEN-195,11.78,152.17,25.14,37.51,Normal
SEN-196,11.98,155.86,26.5,38.03,Alerta
SEN-197,19.52,239.74,41.11,94.31,Normal
SEN-198,22.94,282.17,49.78,130.5,Normal
SEN-199,22.74,282.07,46.98,129.21,Normal
SEN-200,20.6,239.05,45.37,98.82,Alerta
SEN-201,17.84,210.89,40.91,75.37,Normal
SEN-202,6.68,94.47,13.49,12.55,Normal
SEN-203,8.23,116.07,16.62,18.21,Alerta
SEN-204,22.97,285.15,50.42,130.67,Normal
SEN-205,17.13,218.72,38.34,72.9,Alerta
SEN-206,5.18,67.29,10.1,6.86,Normal
SEN-207,7.03,112.5,14.13,14.63,Mantenimiento
SEN-208,18.27,237.33,37.94,85.4,Normal
SEN-209,5.1,62.74,8.7,6.62,Normal
SEN-210,8.22,95.06,15.88,17.29,Normal
SEN-211,15.97,186.83,32.04,60.79,
SEN-212,18.84,237.1,38.41,87.45,Alerta
SEN-213,18.04,219.44,37.83,77.98,Mantenimiento
SEN-214,9.49,107.19,20.27,21.46,Normal
SEN-215,19.24,235.37,42.74,89.41,Normal
SEN-216,9.74,113.16,18.97,21.79,Alerta
SEN-217,11.51,157.35,25.64,36.88,Alerta
SEN-218,19.93,256.18,41.53,100.95,Normal
SEN-219,17.99,224.84,37.71,81.04,Normal
SEN-220,21.98,286.65,47.18,124.43,Normal
SEN-221,18.15,227.52,36.44,81.88,Normal
SEN-222,16.37,197.69,34.94,65.09,Normal
SEN-223,6.87,98.1,14.68,11.57,Normal
SEN-224,12.35,158.74,26.68,39.75,Normal
SEN-225,10.3,120.5,22.07,24.81,Alerta
SEN-226,9.88,121.97,24.43,24.76,Normal
SEN-227,24.46,298.75,50.41,146.42,Normal
SEN-228,12.86,149.71,26.21,40.15,Normal
SEN-229,22.84,292.92,47.03,133.96,Normal
SEN-230,17.62,235.56,36.17,82.51,Normal
SEN-231,20.9,250.01,42.93,104.63,Normal
SEN-232,15.05,192.66,33.39,58.65,Normal
SEN-233,16.54,201.52,36.86,66.71,Normal
SEN-234,14.85,181.73,30.33,54.02,Normal
SEN-235,8.9,106.57,17.45,18.14,Normal
SEN-236,19.45,236.2,41.55,91.08,Alerta
SEN-237,10.62,133.08,21.46,26.57,Normal
SEN-238,5.49,61.93,12.47,8.89,Alerta
SEN-239,17.91,226.03,37.91,79.47,Normal
SEN-240,8.54,106.38,15.67,17.34,Normal
SEN-241,23.81,295.7,52.32,139.95,Normal
SEN-242,24.08,293.72,53.26,142.52,Normal
SEN-243,23.3,286.6,48.01,133.19,Alerta
SEN-244,12.4,161.08,25.47,41.46,Alerta
SEN-245,5.31,70.37,11.58,6.66,Alerta
SEN-246,23.57,286.76,49.99,135.49,Normal
SEN-247,13.56,170.34,29.47,45.21,Normal
SEN-248,24.33,310.17,54.11,153.52,Normal
SEN-249,24.27,290.05,50.71,139.38,Normal
SEN-250,22.06,280.1,45.13,123.95,Normal
SEN-251,10.89,130.81,20.8,29.25,Normal
SEN-252,12.7,163.34,25.58,41.99,Normal
SEN-253,22.02,269.18,46.2,118.34,Normal
SEN-254,11.34,127.29,26.5,28.71,Alerta
SEN-255,8.39,91.85,16.84,15.47,Mantenimiento
SEN-256,16.14,202.08,34.22,65.04,Mantenimiento
SEN-257,23.72,298.62,49.79,142.84,Normal
SEN-258,18.92,229.27,41.52,89.41,Normal
SEN-259,16.4,210.12,38.23,68.26,Normal
SEN-260,6.94,73.5,13.79,8.56,Alerta
SEN-261,17.3,215.72,35.6,74.53,Normal
SEN-262,24.8,300.33,53.65,152.06,Normal
SEN-263,7.8,92.31,17.41,13.44,Alerta
SEN-264,15.37,192.46,35.04,61.12,Normal
SEN-265,22.55,274.96,48.23,126.01,Normal
SEN-266,19.82,244.62,41.07,96.28,Normal
SEN-267,18.94,244.8,40.66,93.42,Normal
SEN-268,19.05,233.51,41.67,90.92,Normal
SEN-269,12.19,159.06,26.83,38.32,Normal
SEN-270,10.87,126.86,23.59,27.34,Normal
SEN-271,21.19,269.08,46.09,113.32,Normal
SEN-272,21.2,276.56,46.28,116.06,Alerta
SEN-273,22.34,259.49,48.99,115.17,Normal
SEN-274,23.26,284.43,49.83,130.88,Normal
SEN-275,15.23,194.95,31.73,59.41,Normal
SEN-276,15.03,186.25,31.78,55.07,Mantenimiento
SEN-277,20.97,265.04,45.84,111.42,Normal
SEN-278,18.0,220.16,36.57,77.39,Normal
SEN-279,19.04,238.68,40.54,91.28,Alerta
SEN-280,20.92,260.2,43.33,109.85,Alerta
SEN-281,22.8,294.34,47.92,131.83,Normal
SEN-282,11.76,149.03,26.61,35.5,Alerta
SEN-283,12.51,159.1,26.56,41.28,Normal
SEN-284,6.88,82.7,14.52,9.93,Normal
SEN-285,16.57,203.17,32.75,69.32,Normal
SEN-286,5.72,68.03,13.13,8.28,Normal
SEN-287,14.31,182.06,31.02,51.27,Alerta
SEN-288,15.85,194.79,36.54,61.69,Normal
SEN-289,10.73,136.45,22.07,29.96,Normal
SEN-290,16.82,226.81,35.64,76.38,Alerta
SEN-291,5.61,77.09,12.16,9.3,Alerta
SEN-292,5.75,69.23,14.43,6.85,Normal
SEN-293,21.45,277.76,44.91,119.37,Normal
SEN-294,12.2,149.28,26.05,34.74,Normal
SEN-295,7.54,77.96,16.75,11.62,Alerta
SEN-296,15.44,185.0,32.71,56.06,Normal
SEN-297,20.4,240.03,42.17,97.05,Mantenimiento
SEN-298,9.32,113.64,19.86,22.66,Normal
SEN-299,17.46,218.37,38.27,77.55,Normal
SEN-300,6.71,97.25,12.54,13.78,Normal
SEN-301,6.03,78.04,12.87,8.11,Normal
SEN-302,15.63,193.59,31.77,60.12,Normal
SEN-303,15.81,204.29,35.0,66.06,Mantenimiento
SEN-304,17.75,204.17,34.99,72.64,Normal
SEN-305,19.52,245.91,40.16,98.79,Normal
SEN-306,24.52,312.63,52.05,153.77,Alerta
SEN-307,15.33,179.75,34.53,55.33,Normal
SEN-308,11.46,152.39,23.97,34.55,Alerta
SEN-309,20.9,264.0,43.07,110.53,Normal
SEN-310,10.42,126.89,24.7,26.25,Normal
SEN-311,13.78,177.31,26.76,49.71,Normal
SEN-312,6.57,100.28,10.5,14.32,Normal
SEN-313,5.51,70.29,12.22,6.8,Mantenimiento
SEN-314,24.25,305.15,50.18,146.42,Normal
SEN-315,21.72,267.82,44.08,114.14,Normal
SEN-316,18.92,229.69,40.79,87.52,Normal
SEN-317,13.18,171.38,28.04,43.85,Normal
SEN-318,8.47,98.97,16.93,14.17,Alerta
SEN-319,8.13,102.18,15.15,17.08,Normal
SEN-320,10.0,121.24,22.32,27.25,Normal
SEN-321,15.98,203.64,34.54,65.09,Mantenimiento
SEN-322,19.29,243.82,40.36,95.08,Normal
SEN-323,18.2,235.85,41.0,85.97,Mantenimiento
SEN-324,10.6,128.4,20.65,27.1,Normal
SEN-325,24.1,299.06,48.32,145.23,Normal
SEN-326,19.76,239.14,40.45,94.15,Normal
SEN-327,16.09,197.53,33.71,63.88,Alerta
SEN-328,17.23,218.45,36.56,75.68,Mantenimiento
SEN-329,13.39,173.46,27.76,45.66,Normal
SEN-330,9.95,117.06,21.43,24.5,Normal
SEN-331,12.12,158.45,23.57,38.2,Normal
SEN-332,20.16,262.81,44.5,105.04,Normal
SEN-333,5.29,69.41,10.98,7.98,Normal
SEN-334,7.32,106.53,17.05,14.52,Mantenimiento
SEN-335,5.92,67.81,12.95,8.06,Normal
SEN-336,5.81,62.72,12.9,7.28,Normal
SEN-337,22.11,262.14,47.28,117.22,Normal
SEN-338,19.07,250.38,40.73,96.08,Normal
SEN-339,14.48,186.28,31.38,53.93,Normal
SEN-340,6.96,86.51,16.6,13.02,Normal
SEN-341,14.83,187.64,31.44,57.33,Alerta
SEN-342,14.47,171.86,31.45,50.4,Normal
SEN-343,8.46,125.37,17.64,21.23,Normal
SEN-344,13.68,172.0,30.88,45.47,Normal
SEN-345,12.97,163.0,26.22,41.0,Alerta
SEN-346,17.32,222.27,39.07,76.61,Alerta
SEN-347,17.7,225.12,37.11,78.97,Normal
SEN-348,5.91,75.62,10.26,8.71,Alerta
SEN-349,12.49,149.83,26.43,37.5,Normal
SEN-350,17.52,222.74,35.76,78.67,Normal
SEN-006,8.12,96.7,16.86,12.79,Normal
SEN-019,13.64,168.82,28.14,46.3,Mantenimiento
SEN-051,24.39,298.35,50.71,145.52,Normal
